{
  "name": "drone_2",
  "timeline_sec": [
    0.0,
    0.5,
    1.0,
    1.5,
    2.0,
    2.5,
    3.0,
    3.5,
    4.0,
    4.5,
    5.0,
    5.5,
    6.0,
    6.5,
    7.0,
    7.5,
    8.0,
    8.5,
    9.0,
    9.5,
    10.0,
    10.5,
    11.0,
    11.5,
    12.0,
    12.5,
    13.0,
    13.5,
    14.0,
    14.5,
    15.0,
    15.5,
    16.0,
    16.5,
    17.0,
    17.5,
    18.0,
    18.5,
    19.0,
    19.5,
    20.0,
    20.5,
    21.0,
    21.5,
    22.0,
    22.5,
    23.0,
    23.5,
    24.0,
    24.5,
    25.0,
    25.5,
    26.0,
    26.5,
    27.0,
    27.5,
    28.0,
    28.5,
    29.0,
    29.5,
    30.0,
    30.5,
    31.0,
    31.5,
    32.0,
    32.5,
    33.0,
    33.5,
    34.0,
    34.5,
    35.0
  ],
  "trajectory": [
    [
      3.5,
      2.0,
      1.5
    ],
    [
      3.4292893218813454,
      2.0,
      1.5707106781186548
    ],
    [
      3.2629743562751345,
      1.991571479874056,
      1.8333493000156995
    ],
    [
      3.255487950910962,
      1.9656634221719622,
      2.074995423178948
    ],
    [
      3.2464809285154894,
      1.9319254077388621,
      2.2836704189264814
    ],
    [
      3.2335115017970186,
      1.8856591521323967,
      2.4568739970350326
    ],
    [
      3.2103120080417558,
      1.8204141892399346,
      2.595657473272152
    ],
    [
      3.1634804690165987,
      1.7304104091381902,
      2.7047977413925883
    ],
    [
      3.0674125411433675,
      1.6171046320610283,
      2.7900675144076996
    ],
    [
      2.8834889780453956,
      1.5091905112911408,
      2.856930655929102
    ],
    [
      2.596917561619446,
      1.4887572714859532,
      2.9099126521967382
    ],
    [
      2.2858818840276087,
      1.645662545838085,
      2.952778891358697
    ],
    [
      2.0,
      2.0,
      3.0
    ],
    [
      2.06,
      2.08,
      3.0
    ],
    [
      2.229199508718351,
      2.469229893100445,
      3.0103111674737426
    ],
    [
      2.239159691217649,
      2.8291944077713573,
      3.0394491624746127
    ],
    [
      2.252051358016961,
      3.1408756280198666,
      3.081193752732566
    ],
    [
      2.27328900480986,
      3.3945992527116844,
      3.145631010522035
    ],
    [
      2.320245677346392,
      3.5892302313772495,
      3.2466827560488767
    ],
    [
      2.438153969348819,
      3.733282648196938,
      3.38909387451849
    ],
    [
      2.7041180605866253,
      3.8396376499068197,
      3.5138486569121192
    ],
    [
      3.110537641454313,
      3.9195592009013223,
      3.4327453168205193
    ],
    [
      3.5,
      4.0,
      3.0
    ],
    [
      3.4292893218813454,
      4.0,
      2.9292893218813454
    ],
    [
      3.2618003569861758,
      4.013724201797973,
      2.610338424821024
    ],
    [
      3.2517728521696245,
      4.04808968578314,
      2.3278260976240515
    ],
    [
      3.2385149872674495,
      4.097235754346042,
      2.097075578126493
    ],
    [
      3.213751079998767,
      4.171158567013174,
      1.91814422639643
    ],
    [
      3.1559600545618407,
      4.281172513741231,
      1.7846208533295724
    ],
    [
      3.017241169067908,
      4.422207731989696,
      1.6859381427834288
    ],
    [
      2.7350091215350334,
      4.520678577361003,
      1.612097633996918
    ],
    [
      2.349909210000492,
      4.405181490325082,
      1.5561312442609594
    ],
    [
      2.0,
      4.0,
      1.5
    ],
    [
      1.9,
      4.0,
      1.5
    ],
    [
      1.811111111111111,
      4.0,
      1.5
    ],
    [
      1.7222222222222219,
      4.0,
      1.5
    ],
    [
      1.633333333333333,
      4.0,
      1.5
    ],
    [
      1.544444444444444,
      4.0,
      1.5
    ],
    [
      1.455555555555555,
      4.0,
      1.5
    ],
    [
      1.366666666666666,
      4.0,
      1.5
    ],
    [
      1.2333333333333332,
      4.0,
      1.5
    ],
    [
      1.0,
      4.0,
      1.5
    ],
    [
      1.0,
      4.0,
      1.5
    ],
    [
      1.0894427190999916,
      4.0,
      1.5447213595499958
    ],
    [
      1.44033338633842,
      4.0,
      1.7201666931692101
    ],
    [
      1.7912240535768487,
      4.0,
      1.8956120267884242
    ],
    [
      2.142114720815277,
      4.0,
      2.0710573604076385
    ],
    [
      2.2344842324141725,
      4.01424485805708,
      2.2644276591866137
    ],
    [
      2.250019149906551,
      4.0411650433915645,
      2.465310303803105
    ],
    [
      2.2980346568824084,
      4.080958179838114,
      2.6804639321340353
    ],
    [
      2.4231154103477226,
      4.13327328751647,
      2.9144805275209973
    ],
    [
      2.689997470119992,
      4.175430804237386,
      3.1176071139382016
    ],
    [
      3.0766045723744555,
      4.15794236372454,
      3.1695207321817316
    ],
    [
      3.4589570421490676,
      4.093779126633747,
      3.102178084705921
    ],
    [
      4.0,
      4.0,
      3.0
    ],
    [
      4.0,
      4.0,
      3.0
    ],
    [
      4.0,
      4.0,
      3.0
    ],
    [
      3.9375304952445576,
      3.9375304952445576,
      2.9531478714334183
    ],
    [
      3.711679208821035,
      3.711679208821035,
      2.7837594066157765
    ],
    [
      3.485827922397512,
      3.485827922397512,
      2.614370941798135
    ],
    [
      3.2599766359739895,
      3.2599766359739895,
      2.4449824769804933
    ],
    [
      3.1290860895664294,
      3.0243648137067174,
      2.2704106342059935
    ],
    [
      3.1282711872769697,
      2.770621449223564,
      2.0863471281854182
    ],
    [
      3.08367472063277,
      2.511523167473778,
      1.8993861347471366
    ],
    [
      2.960728213969584,
      2.2541501071698318,
      1.713722622467392
    ],
    [
      2.717237633124603,
      2.0377358488859483,
      1.5548413866455926
    ],
    [
      2.3620972278575847,
      1.9463801064856083,
      1.4788451126400404
    ],
    [
      2.0,
      2.0,
      1.5
    ],
    [
      2.0,
      2.0,
      1.5
    ],
    [
      2.0,
      2.0,
      1.5
    ],
    [
      2.0,
      2.0,
      1.5
    ]
  ]
}