{
  "name": "drone_1",
  "timeline_sec": [
    0.0,
    0.5,
    1.0,
    1.5,
    2.0,
    2.5,
    3.0,
    3.5,
    4.0,
    4.5,
    5.0,
    5.5,
    6.0,
    6.5,
    7.0,
    7.5,
    8.0,
    8.5,
    9.0,
    9.5,
    10.0,
    10.5,
    11.0,
    11.5,
    12.0,
    12.5,
    13.0,
    13.5,
    14.0,
    14.5,
    15.0,
    15.5,
    16.0,
    16.5,
    17.0,
    17.5,
    18.0,
    18.5,
    19.0,
    19.5,
    20.0,
    20.5,
    21.0,
    21.5,
    22.0,
    22.5,
    23.0,
    23.5,
    24.0,
    24.5,
    25.0,
    25.5,
    26.0,
    26.5,
    27.0,
    27.5,
    28.0,
    28.5,
    29.0,
    29.5,
    30.0,
    30.5,
    31.0,
    31.5,
    32.0,
    32.5,
    33.0,
    33.5,
    34.0,
    34.5,
    35.0
  ],
  "trajectory": [
    [
      2.0,
      2.0,
      1.5
    ],
    [
      2.0707106781186546,
      2.1,
      1.5707106781186548
    ],
    [
      2.236698990655883,
      2.090077425293304,
      1.8329830243993994
    ],
    [
      2.2437384786708736,
      2.099122158972803,
      2.0739765282620857
    ],
    [
      2.252066552135658,
      2.1183441216663086,
      2.281548116806969
    ],
    [
      2.2640444124990275,
      2.1526533914773647,
      2.452965669133482
    ],
    [
      2.2858822130899052,
      2.2084945431374647,
      2.5889797585106176
    ],
    [
      2.330976988139087,
      2.2914238570248275,
      2.694090616407712
    ],
    [
      2.4249842348289126,
      2.3997547260527283,
      2.774075206572979
    ],
    [
      2.6066826323963603,
      2.5046627826968955,
      2.835556256302777
    ],
    [
      2.891262695580665,
      2.524008044515607,
      2.8866531209483957
    ],
    [
      3.201290289014067,
      2.367888211538613,
      2.9353738419934654
    ],
    [
      3.5,
      2.0,
      3.0
    ],
    [
      3.44,
      2.08,
      2.904
    ],
    [
      3.2710430787327205,
      2.4688593656602453,
      2.9131327917553875
    ],
    [
      3.2614755760611236,
      2.828063602914807,
      2.901955575070115
    ],
    [
      3.249311273880508,
      3.1382338118855637,
      2.8757047212269233
    ],
    [
      3.2293485510262907,
      3.389110318863117,
      2.8237329441203673
    ],
    [
      3.1843892428559593,
      3.578780220046599,
      2.731886746715373
    ],
    [
      3.0692068336961302,
      3.715363189771929,
      2.595495660377764
    ],
    [
      2.8063582876090085,
      3.8143625058648074,
      2.4736311991567015
    ],
    [
      2.402349630093573,
      3.8964066338636654,
      2.5543401583836354
    ],
    [
      2.0,
      4.0,
      3.0
    ],
    [
      2.0707106781186546,
      3.9,
      2.9292893218813454
    ],
    [
      2.2377894401651073,
      3.908559417025939,
      2.61082046004039
    ],
    [
      2.247186568876408,
      3.8938934167051724,
      2.3292654139308326
    ],
    [
      2.2594088095686105,
      3.860742264861014,
      2.1002994815375144
    ],
    [
      2.2826139238001537,
      3.7990115160831337,
      1.9244543589448564
    ],
    [
      2.338283265459328,
      3.6976494308739003,
      1.7958575025239607
    ],
    [
      2.47441842503978,
      3.5621397893596267,
      1.703831297181081
    ],
    [
      2.753985394971003,
      3.4663169192917826,
      1.6352994306607207
    ],
    [
      3.137355858308032,
      3.5815936995135766,
      1.575558755870597
    ],
    [
      3.5,
      4.0,
      1.5
    ],
    [
      3.6,
      4.0,
      1.5
    ],
    [
      3.688888888888889,
      4.0,
      1.5
    ],
    [
      3.777777777777778,
      4.0,
      1.5
    ],
    [
      3.866666666666667,
      4.0,
      1.5
    ],
    [
      3.9555555555555557,
      4.0,
      1.5
    ],
    [
      4.044444444444444,
      4.0,
      1.5
    ],
    [
      4.133333333333333,
      4.0,
      1.5
    ],
    [
      4.222222222222221,
      4.0,
      1.5
    ],
    [
      4.322222222222221,
      4.0,
      1.5
    ],
    [
      4.5,
      4.0,
      1.5
    ],
    [
      4.408085496998194,
      3.9236613714630884,
      1.5393919298579168
    ],
    [
      4.047574228790861,
      3.931736560835917,
      1.6938967590896303
    ],
    [
      3.6870629605835297,
      3.939811750208746,
      1.848401588321344
    ],
    [
      3.326551692376198,
      3.9478869395815748,
      2.0029064175530578
    ],
    [
      3.226203387855371,
      3.941371615709476,
      2.130021259858103
    ],
    [
      3.210893418699653,
      3.920359439371496,
      2.205150520525881
    ],
    [
      3.172712642956959,
      3.8839693022607173,
      2.2209809291718465
    ],
    [
      3.067893412779146,
      3.831417410227061,
      2.176695359036564
    ],
    [
      2.831297604041741,
      3.783450245256439,
      2.126478577928765
    ],
    [
      2.481368554286916,
      3.7881021252850617,
      2.1992497042585666
    ],
    [
      2.1371690675151935,
      3.83585062504598,
      2.381115899697476
    ],
    [
      1.7953236656258178,
      3.885195714227539,
      2.5671591979496373
    ],
    [
      1.4534782637364425,
      3.934540803409097,
      2.7532024962017982
    ],
    [
      1.0,
      4.0,
      3.0
    ],
    [
      1.0768221279597376,
      3.888797244428041,
      2.8816049312217307
    ],
    [
      1.3590596423295196,
      3.706430839525082,
      2.7482087580504784
    ],
    [
      1.6412971566993015,
      3.524064434622123,
      2.614812584879226
    ],
    [
      1.9235346710690835,
      3.3416980297191636,
      2.481416411707974
    ],
    [
      2.1099482053294847,
      3.1705224559415104,
      2.354251908290792
    ],
    [
      2.14998850253173,
      3.0435109725216454,
      2.2556121756626313
    ],
    [
      2.205907260904097,
      2.9644200325434107,
      2.19078368986891
    ],
    [
      2.3081364597970135,
      2.9321449250220883,
      2.159461714764198
    ],
    [
      2.4987958274499493,
      2.9142126734891662,
      2.1402785880029263
    ],
    [
      2.7790059830459146,
      2.832848646529409,
      2.080612393913321
    ],
    [
      3.0636298911311584,
      2.657998510101239,
      1.9584683992567453
    ],
    [
      3.3382221006237547,
      2.4650392699245067,
      1.8240217210233658
    ],
    [
      3.61281431011635,
      2.272080029747775,
      1.6895750427899865
    ],
    [
      4.0,
      2.0,
      1.5
    ]
  ]
}